{"stats": {"bored": 29, "filthy": 72, "hungry": 88}, "p_amount": 0, "image_path": "./games/Tamagochi/sprites/pets/cat.gif", "time_stamp": 62.37728476524353, "selection_time": 1760802959.762915, "current_time_stamp": 1760805325.6304874}